species,Kauai,Oahu,Molokai,Lanai,Maui,Hawaii,Extinct
Aidemedia_chascax,0,1,0,0,0,0,Y
Aidemedia_lutetiae,0,0,1,0,1,0,Y
Aidemedia_zanclops,0,1,0,0,0,0,Y
Anas_laysanensis,1,1,1,1,1,1,N
Anas_wyvilliana,1,1,1,0,1,1,N
Apteribis_brevis,0,0,0,0,1,0,Y
Apteribis_glenos,0,0,1,0,0,0,Y
Apteribis_sp._Lanai,0,0,0,1,0,0,Y
Apteribis_sp._Maui,0,0,0,0,1,0,Y
Branta_hylobadistes,1,1,0,0,1,0,Y
Branta_rhuax,0,0,0,0,0,1,Y
Branta_sandvicensis,1,1,1,1,1,1,N
Buteo_solitarius,1,1,1,0,1,1,N
Chaetoptila_angustipluma,0,1,0,0,1,1,Y
Chaetoptila_sp._Maui,0,0,0,0,1,0,Y
Chasiempis_sandwichensis,1,1,0,0,0,1,N
Chelychelynechen_quassus,1,0,0,0,0,0,Y
Chloridops_kona,0,0,0,0,0,1,Y
Chloridops_regiskongi,0,1,0,0,0,0,Y
Chloridops_sp._Kauai,1,0,0,0,0,0,Y
Chloridops_sp._Maui,0,0,0,0,1,0,Y
Chloridops_wahi,1,1,0,0,1,0,Y
Circus_dossenus,0,1,1,0,0,0,Y
Ciridops_anna,1,1,1,0,0,1,Y
Ciridops_tenax,1,0,0,0,0,0,Y
Corvus_hawaiiensis,0,0,0,0,1,1,Y
Corvus_impluviatus,0,1,0,0,0,0,Y
Corvus_viriosus,0,1,1,0,0,0,Y
Dysmorodrepanis_munroi,0,0,0,1,0,0,Y
Fulica_alai,1,1,1,0,1,1,N
Gallinula_chloropus,1,1,1,0,1,1,N
Grallistrix_auceps,1,0,0,0,0,0,Y
Grallistrix_erdmani,0,0,0,0,1,0,Y
Grallistrix_geleches,0,0,1,0,0,0,Y
Grallistrix_orion,0,1,0,0,0,0,Y
Haliaeetus_albicilla,0,1,1,0,1,0,N
Hemignathus_ellisana,0,1,0,0,0,0,Y
Hemignathus_kauaiensis,1,0,0,0,0,0,N
Hemignathus_lanaiensis,0,0,1,1,1,0,Y
Hemignathus_lucidus,1,1,1,0,1,1,Y
Hemignathus_munroi,0,0,0,0,0,1,N
Hemignathus_obscurus,0,0,0,0,0,1,Y
Hemignathus_parvus,1,0,0,0,0,0,N
Hemignathus_sagittirostris,0,0,0,0,0,1,Y
Hemignathus_stejnegeri,1,0,0,0,0,0,Y
Hemignathus_upupirostris,1,1,0,0,0,0,Y
Hemignathus_virens,0,0,1,1,1,1,N
Hemignathus_vorpalis,0,0,0,0,0,1,Y
Himantopus_mexicanus,1,1,1,0,1,1,N
Himatione_sanguinea,1,1,1,1,1,1,N
Loxioides_bailleui,1,1,0,0,0,1,N
Loxioides_kikuchi,1,0,0,0,0,0,Y
Loxops_caeruleirostris,1,0,0,0,0,0,N
Loxops_coccineus,0,1,0,0,1,1,N
Melamprosops_phaeosoma,0,0,0,0,1,0,N
Moho_apicalis,0,1,0,0,0,0,Y
Moho_bishopi,0,0,1,1,1,0,Y
Moho_braccatus,1,0,0,0,0,0,Y
Moho_nobilis,0,0,0,0,0,1,Y
Myadestes_lanaiensis,0,1,1,1,1,0,N
Myadestes_myadestinus,1,0,0,0,0,0,Y
Myadestes_obscurus,0,0,0,0,0,1,N
Myadestes_palmeri,1,0,0,0,0,0,N
Myadestes_woahensis,0,1,0,0,0,0,Y
Nycticorax_nycticorax,1,1,1,1,1,1,N
Oreomystis_bairdi,1,0,0,0,0,0,N
Oreomystis_mana,0,0,0,0,0,1,N
Orthiospiza_howarthi,0,0,0,0,1,0,Y
Palmeria_dolei,0,0,1,0,1,0,N
Paroreomyza_flammea,0,0,1,0,0,0,Y
Paroreomyza_maculata,0,1,0,0,0,0,Y
Paroreomyza_montana,0,0,1,1,1,0,N
Porzana_keplerorum,0,0,0,0,1,0,Y
Porzana_menehune,0,0,1,0,0,0,Y
Porzana_ralphorum,0,1,0,0,0,0,Y
Porzana_sandwichensis,0,0,0,0,0,1,Y
Porzana_severnsi,0,0,0,0,1,0,Y
Porzana_sp._HawaiiLarge,0,0,0,0,0,1,Y
Porzana_sp._HawaiiSmall,0,0,0,0,0,1,Y
Porzana_sp._KauaiGreat,1,0,0,0,0,0,Y
Porzana_sp._KauaiMedium,1,0,0,0,0,0,Y
Porzana_sp._Maui,0,0,0,0,1,0,Y
Porzana_ziegleri,0,1,0,0,0,0,Y
Pseudonestor_xanthophrys,0,0,1,0,1,0,N
Psittirostra_psittacea,1,1,1,1,1,1,N
Ptaiochen_pau,0,0,0,0,1,0,Y
Rhodacanthis_flaviceps,0,0,0,0,0,1,Y
Rhodacanthis_forfex,1,0,0,0,1,0,Y
Rhodacanthis_litotes,0,1,0,0,1,0,Y
Rhodacanthis_palmeri,0,0,0,0,1,1,Y
Talpanas_lippa,1,0,0,0,0,0,Y
Telespiza_cantans,0,1,1,0,0,0,N
Telespiza_persecutrix,1,1,0,0,0,0,Y
Telespiza_ultima,0,0,1,0,0,0,N
Telespiza_ypsilon,0,0,1,0,1,0,Y
Thambetochen_chauliodous,0,0,1,1,1,0,Y
Thambetochen_xanion,0,1,0,0,0,0,Y
Vangulifer_mirandus,0,0,0,0,1,0,Y
Vangulifer_neophasis,0,0,0,0,1,0,Y
Vestiaria_coccinea,1,1,1,1,1,1,N
Vestiaria_funerea,0,0,1,0,1,0,Y
Vestiaria_pacifica,0,0,0,0,0,1,Y
Xestospiza_conica,1,0,0,0,0,0,Y
Xestospiza_fastiglialis,0,1,1,0,1,0,Y
Hemignathus_flavus,0,1,0,0,0,0,N
,,,,,,,
Area (ha),143460,158330,67790,35840,190330,1043400,
sp.r,37,41,34,14,46,34,
